id,emails,base_emails
08f49942860b2a180385b74cc57ff86c,,[null]
08f2e69a294c671b036934ef56cd7425,,[null]
08fa90129c2da22503868415bc4cd5a6,,[null]
08f1ea0960812d9603b85dab53188228,,[null]
08f6505096d0c1b503af0fc23cd0d011,,[null]
08f8c1079ca48d89034fc39344737333,,[null]
08f264d112a369ae0345476d0ce832cf,,[null]
08f396091b4f364003e4546b03107cd2,,[null]
08f1f1257625e93603dc9e5fe8382814,,"[""ali.kuhlmann@yahoo.de""]"
08f29a1c23a8b0b1034c5de9e8b672ef,,"[""info@diamondjimspawnbroker.com""]"
08f27022da661146031df2517711075f,,"[""support@bitcoindepot.com""]"
08fa90e2a5492ac0037ab3c57ff4f525,,[null]
08fa83120535a54b03b3b2e5732f7962,,[null]
08f64a4b1341830903f21fe23c56b6d4,,[null]
08f3f62b94005b0203c0fd06440ecc62,,[null]
08fbb72ae6111224032728dc57e311d1,,[null]
08f489c0b06295730375f2ea0ebd5aed,,[null]
08f2aaa843ab441a03c3a2b3b4cca9fd,,"[""abw@abwappliances.com""]"
08fa976555b951680388c1eb02815b63,,[null]
08f2a94b5c82d0e903a60abf30eac71f,,[null]
08f29a841e29e50c03c9b490450ec826,,[null]
08f29ab815d8516a03dbfd500df59b6d,,"[""support@bitcoindepot.com""]"
08f4995855a6533403ec86ef01b1eb5c,,[null]
08f4446420bb12c003a28fe9807b4a7d,,[null]
08f499586b644a620342160687c22f5f,,[null]
08f2814b413328ce033257fc7c3fa188,,"[""service@coinsource.net""]"
08f1959a2912024503414352746b2ea7,,"[""customer-services@lloydspharmacy.co.uk""]"
08f3969a692aca2403ec11d5ba7b829b,,[null]
08f1e81524a908a903f3d06fcc44832b,,[null]
08f64a484c9a0c5403339a1fcf0ce87c,,[null]
08f44a908841cd9003dd047b9521fe51,,[null]
08f260d161082210032119df430bd0a0,,[null]
08f2a100d2c1e8dd03a76caaa6fa3b94,,[null]
08f2759aced4d4e303dbbf47b9bb881e,,[null]
08f485bce896830e031993442737c993,,[null]
08f1e0510898315303829668ac1ae7b9,,[null]
08f1e8079056036d03df90e7738c96c3,,[null]
08f2aae57264c5180369377f2f5e3d4a,,[null]
08f396c4a392530a03ba75015b9d5616,,[null]
08f194db5b6b41b603a43ab00a1af2f2,,[null]
08f26ca313c502a9031d8fb25ecda7a4,,"[""craig@craigbagley.com""]"
08f48932e69a12dd03d5671400e23b78,,"[""attcustomercare@att.com""]"
08fa95edaa2c99a403a1ec30dcaa0dec,,[null]
08f1e943a1d746cb03550d63d3c549a8,,[null]
08f485bb0805d1b503b342847dc4f71d,,[null]
08f464958698c96b0343cd929747dd7b,,[null]
08f1ea295430d7ad03093e966e6cc128,,[null]
08f44ced4db28ab203f8d981f4da9abd,,[null]
08fa8100ea3700da03371e2a51724c83,,[null]
08f1fb4084c42340038af719372c4e42,,[null]
